hashtags,count
#oann,174
#covid19,155
#shieldhero,129
#sweepstakes,129
#instantwinsweepstakes!,123
#stayathome,41
#coronavirus,35
#texas,31
#fakenews,31
#riyaznaikoo,22
#teacherappreciationweek2020,21
#kashmir,17
#nationalnursesday,16
#bnha,16
"#boa,",15
"#exo,",15
#superm),15
#banksy,13
#hawksbnha,13
#thankyounhs,12
#16yearsformagicalaarya,11
#aew,10
#‚Ä¶rt,10
#plandemic,9
#media,9
#thankyounurses,9
#pnp,8
#pnppatrolplan2030,8
#pnpkakampimo,8
#hero,8
#cpnparchiegamboa,8
#rddanaojr,8
#iu,8
#rt,8
#bookmarketingchat,7
#anitwt,6
#aewdynamite.,6
#nursesweek,6
#1,6
#njgop,6
#lamagiadedisney,6
#disneysingalong,6
#'s,6
#tanayuhyaad,6
#chinavirus,6
#nj,6
#leadright,6
#cubasalvavidas,5
#new:,5
#ufc249,5
"#freedomfighter,",5
#martyr.,5
#riaznaikoo_our_hero,5
#testiowa,5
#cyberdigest,5
#teampnp,5
#toserveandprotect,5
"#nationalnursesday,",5
#nursesday2020,5
#qanon,4
#amazon,4
#sale,4
#j‚Ä¶rt,4
#trumpdeathclock,4
#coronavirusrt,4
"#deniro,",4
#madonna,4
#pro‚Ä¶rt,4
#q,4
#iuxsuga,4
#covid,4
ü¶†#dexter19,4
#nursing,4
#slickdeals,4
#coupon,4
#discount,4
#dealsplus,4
#americastrong,4
#covid19‚Ä¶,4
#bbtsfavorite,4
#qu‚Ä¶rt,4
#climatechange,4
#chicago,4
#washyourhands,4
#rbandme:,3
[#chart],3
#blueangels,3
#quezonppo,3
#pulisumak‚Ä¶rt,3
#righttorecovery,3
#bread,3
üëâ#9yearsfor100percentlove-,3
#eight,3
#risk,3
#israel,3
#mentalhealth,3
#breaking:,3
#tiktok‚Ä¶,3
#.mv‡∏Ñ‡∏ô‡∏Ç‡πâ‡∏≤‡∏á‡πÜ‡∏ó‡∏µ‡πà‡∏£‡∏±‡∏Å‡πÄ‡∏ò‡∏≠,3
#islamophobia,3
#pro4a,3
...#thankyounurses,3
#forceforchange,3
#factsmatter,3
#darktolight,3
#covid_19,3
#ÏóêÏûá,3
#ÏïÑÏù¥Ïú†,3
#wewantspiderman4,3
#‚Ä¶,3
#caregivers,3
#findom,2
#findomfetish,2
#finsub,2
#leggings,2
#bellyexpansion,2
#assexpansion,2
#ruthbaderginsburg,2
#chelseama,2
#4,2
#openncn‚Ä¶rt,2
#askgovmurphy,2
#blackpandora,2
#tutoktowin,2
#2,2
#dappweek!,2
#drbright,2
#teletrader,2
#roboinfo0.120,2
#robotex,2
#presidementia,2
#tucker,2
"#dreamcatcher,",2
#covid19.,2
üëâ#1yearforclassicjersey,2
üëâ#1yearforcultc‚Ä¶rt,2
#ubuntu,2
#foss,2
#13,2
#impressionism,2
#alluarjun,2
"#nursesday,",2
#nigerianews,2
#ajith,2
"#bigdata,",2
"#ml,,",2
#wewillrememberthem‚Ä¶,2
#teambiden,2
#selfiesforheroandjo,2
#therealheroes.,2
#onevoice1,2
#valimai,2
#privateplaneparson's,2
#freedom,2
#party,2
"now,#carrielam",2
#6,2
#s386,2
#ecommerce,2
#rhobh,2
#paleoart,2
#bats!,2
#homecare,2
#deals,2
#findyourthing,2
#redbu‚Ä¶rt,2
#findomme,2
#goddess,2
#finslave,2
#homewrecker,2
#wwg1wgart,2
#shellyluther.,2
#leggingslove,2
#leggingsarepants,2
#leggingsaddict,2
#outfit,2
#taylormadeclips,2
#politics,2
#news,2
#world,2
#utleg,2
#nationalnursesday!,2
#5sosmurdermystery,2
#staysafe,2
#ahmaudarbery,2
#dedication,2
#cdnpoli,2
#research,2
#riaznaikoo_our_herort,2
#computernews,2
|¬†#hackernews,2
#love,2
#public,2
#hbdsundeepkishan,2
#nursesweek2020,2
#turtlemask,2
#a1express,2
#nursesweek‚Ä¶,2
#trumpdementiasyndrome,2
"#alexa,",2
#in2it,2
#wwg1wga‚Ä¶rt,2
#ramcharan,2
#chirutha,2
#linuxmint,2
#debian,2
#linux,2
#giveaway,2
#abscbn,2
#americanart,2
#trumpnightmare;,2
#nigeriart,2
#allunitedagainstcov‚Ä¶rt,2
#prabhas,2
"#bi,",2
"#ai,",2
#hied:,2
#knock,2
ü¶†#dexter19‚Ä¶rt,2
#moscowmitch,2
#mo‚Ä¶rt,2
#covid„Éº19,2
#testing,2
#titanicsinclairisoverparty,2
#sciart,2
"#covid19,",2
#nursesweek!,2
#careersuccess,2
#interviewtips,2
#dumptrump,1
#gojoe2020rt,1
#keanureeves',1
#easter,1
#nursesweekrt,1
women&amp;#39;s,1
#mru,1
#assignments,1
#southkorea‚Äôs,1
"#yemen,",1
"#givingtuesdaynow,",1
#my600lblifert,1
#amlo,1
#qu‚Ä¶nbc,1
#drfauci,1
"#news\"‚Ä¶",1
#jesus.,1
#hypocrisy,1
#chillingathome,1
#stayathome¬†‚Ä¶,1
#cuarentenatotal,1
#desdelacasa,1
#riverdalert,1
#liberalnewsmedia,1
#biharfightscorona,1
#livestream,1
#berniesa‚Ä¶rt,1
wasn‚Ä¶#rgb,1
at‚Ä¶#georgiacovid19news,1
#sealteam's,1
#newsrt,1
#americanheros,1
#furiabolivariana,1
#ps4,1
#ebay,1
#playstation,1
#debt,1
#ease,1
#foreclosure,1
#ireland,1
#lawmakers,1
#100%,1
#researchpaper‚Ä¶,1
#julianassange,1
"\"#'s",1
s#!t,1
nurse.#happynursesday,1
"m‚Ä¶#teampeteforever,",1
#bales2020filmchallenge,1
"#tacna,",1
"#peru,",1
#senateselectcommittee,1
#internationalpoetrycircle!,1
#chinesevirus,1
#naturalfuels,1
#reddie,1
#turtlecreek,1
#flor‚Ä¶rt,1
#assignment,1
#discussion,1
#online,1
to‚Ä¶#nationalnursesday,1
#hkpoliceterrorists,1
#nationalnurseday,1
#love!,1
#clickongh,1
#watercolor,1
#paper,1
#staywell,1
#wethepeople,1
#goodmorningamerica,1
#comics,1
#biology,1
#latestcomments,1
#mha,1
#kirimina,1
#fromthefieldwebinar,1
#sandhillcranes,1
#harshadchopda,1
#cuck‚Ä¶rt,1
#witnessattheborder‚Ä¶hi,1
https://t.co/3dosnapyp0#,1
#tribal,1
#chinesecoronavirus,1
https://t.co/h0wkha5qhw#privacy,1
#health:,1
#tracing,1
#apps,1
#natrincheiracombolsonaro,1
#relationship,1
out-of-state‚Ä¶#jammin',1
#camgirl,1
#tits,1
?#,1
#nascar,1
#tha‚Ä¶#canberra's,1
#school,1
#‚Ä¶@whitehouse,1
#sandiego,1
#twice,1
#hydraulicpump‚Ä¶,1
#carheit,1
#nsfwtwitter,1
#sunday‚Ä¶this,1
#troom,1
#musicliveson,1
#underground,1
#goldmine,1
#undergroundmining,1
#mineralprocessing,1
#miningequipment,1
#essentialworkers,1
#care2,1
#inners,1
#illinoislife,1
#lockdownextended‚Ä¶,1
#judehaste,1
#ice,1
#releasethemall?,1
#asylumseekers,1
#palettech‚Ä¶rt,1
#care,1
#playforgoodrt,1
#hbdsunde‚Ä¶rt,1
#hcq,1
#murdered?,1
#nursesday2020‚Ä¶,1
#isopp,1
#blackbox,1
#kerne‚Ä¶just,1
#corona‚Ä¶rt,1
#eightoutnow,1
to‚Ä¶#space,1
#science,1
#yyc,1
#merkurmasters,1
#heroweek2020,1
#j‚Ä¶bc‚Äôs,1
#takehome,1
#pro‚Ä¶mother,1
india#39;s,1
#listennow,1
#music,1
"#spotify,",1
"#soundcloud,",1
#rock,1
#electronicmusic,1
#bethere,1
#treasureaceyedamd‚Ä¶meet,1
h‚Ä¶#he,1
#epijobs,1
#qalert,1
#kerne‚Ä¶rt,1
#travel,1
#freedomexplorers,1
#race,1
#human,1
other‚Ä¶#covid19,1
#afp,1
https://t.co/fqy2qhrpt4#dunellen,1
#aapi,1
#filamrt,1
#thankyounurses.,1
"#analyticship,",1
#breadmaking.,1
#lightacandle,1
#freethemallrt,1
#hounewsrt,1
#riaznaikoo,1
#seniorscare.,1
sees‚Ä¶#wewantspiderman4,1
"#allinchallenge,",1
#bawumiamustfocus,1
#23,1
#ww1.,1
#mightysignal,1
#sidlotte‚Ä¶rt,1
#activeto,1
#eye-openingsouthkoreastudyoncovid-19(opinion)-cn‚Ä¶,1
#d‚Ä¶@msnbc,1
#kenya,1
#education?,1
#stefandercon,1
#covid19ph,1
#womenxwork,1
#qanon‚Ä¶,1
#1yearforveeraraghavarage,1
#ga07,1
#dexterai,1
#wcw,1
#is,1
#cola,1
#dreamaway.,1
#greecefromhome,1
#survivors,1
#refugees,1
#burhanwani,1
#coronavir‚Ä¶when,1
#voteblue2020rt,1
#masklessmike,1
#november2020,1
#presidentdeath,1
‚ù§Ô∏è‚ù§Ô∏è‚ù§Ô∏è#,1
#ÿ¨ÿßŸÖÿπÿ©_ÿßŸÑŸÖŸÑŸÉ_ŸÅŸäÿµŸÑrt,1
#thala‚Ä¶,1
#vclearns,1
#adnan_dargal,1
#givin‚Ä¶rt,1
#thechallenge35rt,1
#howifightcovid19,1
#stayathome¬†and,1
#girlslockeroom,1
#boislockeroom,1
#thankyou,1
#godblessamericaüá∫üá∏,1
#godbless,1
#live:,1
#/snsÌïòÎäîÍ≤å_sowhat,1
#/Î∏îÎ°ùÎ≤†Î¶¨_Î©§Î≤ÑÎ∂àÏ∞∏_Ìï¥Î™ÖÌï¥,1
#caronavirus,1
#hariskhan,1
#wuhancoronavirus,1
#threadrt,1
#wedding,1
#birthdayparty,1
#birthdaygirl,1
#compassion,1
#myfuture,1
#lovethisbeautifulgirl,1
#lockdownextension,1
"personally,#china",1
#stopcovid19hate,1
#sanditonpbs‚Ä¶rt,1
#stay‚Ä¶hon'ble,1
#steam,1
"#giveaway.\"",1
#„Ç∏„Éß„É≥„Éí„Éß„É≥„Çª„É≥„Ç§„É´dvd„Ç®„Ç¢ÈëëË≥û‰ºö,1
#happy‚Ä¶rt,1
#china,1
#africa,1
#proaudio,1
#cancer,1
#payroll,1
#stayhomewithloonart,1
#tarheel,1
#ruralschoolsrule‚Ä¶,1
"#nationalnursesweek,",1
#qu‚Ä¶@julzvz,1
trib‚Ä¶#politics:,1
#medtwitter,1
#cristiano,1
#skanderbeg,1
#paleolife,1
#3rdparty,1
#bitchutert,1
#blog:,1
#diversealzcanucks,1
cards.#breaking:,1
cashap‚Ä¶#askfda,1
#parents:,1
#ltc,1
#rl,1
#mes‚Ä¶rt,1
"#nursesday2020,",1
#bitchute@scubbasteve13,1
it!#,1
https://t.co/9ba1edsvw6#titanicsinclairisoverparty,1
#petite,1
#sexy,1
#sexylady,1
#quaran‚Ä¶rt,1
#lasccougars',1
#mustangs2020!,1
#antibounty,1
#ps4share,1
a‚Ä¶#coronavirus,1
#lactation,1
#bigboobs,1
#publichealth,1
#lasccougars,1
#modernwarfare,1
#mw,1
#callofduty,1
#gaming,1
#10tv,1
#astro,1
https://t.co/79q2ju7zx7asia&amp;#39;s,1
#sirenschat,1
#retention:,1
#movingpastdivorce,1
me‚Ä¶#pmonabp,1
#herooftheday,1
afghanistan.#cherribirt,1
industry's‚Ä¶#minnesota,1
#2the,1
#thelastofus2,1
#geeksandgamers‚Ä¶praying,1
"#gujarat,",1
#redf‚Ä¶rt,1
#fauciliedpeopledied,1
#covid19ug,1
#astroshaker,1
#classical,1
#haiti,1
#money,1
#sundeepkishan,1
#tnlegstructure,1
#new,1
#deal,1
#ganga‚Ä¶,1
#dvt,1
detect‚Ä¶#covidupdates,1
#openitup,1
#daffyduck,1
volunte‚Ä¶#,1
#trumpsbestsarcasticquipsrt,1
#endgunviolence,1
#givingtuesdaynow.,1
#stayhomesavelives,1
#evdekal‚Ä¶happy,1
#sarawak,1
#convid19‚Ä¶,1
#sac,1
#hiringrt,1
#massreleasenow‚Ä¶rt,1
#firechrishayes,1
#samescriptdifferentcast‚Ä¶,1
#kingston,1
#india‚Ä¶the,1
#fun,1
#funny,1
air(#iranians,1
#coronavirus?,1
#phone,1
#sellingtwitter,1
#alwayshot,1
#stl,1
#nyc‚Ä¶,1
#tiktok,1
#promotion,1
#onsales‚Ä¶,1
#prolife,1
#votetrumpout2020,1
#atruepatriot,1
#exposecbs‚Ä¶rt,1
#dumptrump2020france‚Äôs,1
https://t.co/gyigdjbdtc#covid19au,1
#videointerviews,1
#jobinter‚Ä¶rt,1
#wwg1wga,1
#dontrushchallenge,1
#cosplayer‚Äôs,1
#coronavirus.,1
negativ‚Ä¶#covid19colorado,1
"#stayathome,",1
#findyourthing‚Ä¶,1
#magart,1
during‚Ä¶#togetherwnc,1
#countynews:,1
#teamericsson,1
#essay,1
#researchpaper,1
#paperdue,1
#paypig‚Ä¶,1
#nationalnursesmonth,1
#aewdynamitert,1
"wo‚Ä¶\"#worldnews",1
https://t.co/vmcyb0g77d#trudeaudictatorship,1
#primeminister,1
#cuarentenaextendida,1
#@rtreatwilliams,1
#freethemall,1
#happynursesday,1
#usart,1
#usahackers,1
#maga,1
#kag2020,1
#codeofvetswe,1
#mlpfim,1
#coronavirus‚Ä¶,1
#covid2019,1
#afftonstrong,1
#firstthem,1
https://t.co/vmcyb0g77d#repost,1
#disability.,1
üò∑üò∑üò∑#happynursesday,1
#nursesweek2020rt,1
#hr,1
#sustainability,1
#boone,1
#professional,1
#gradea,1
#perunews,1
#oregon,1
#school2020,1
"https://t.co/dits4e2keg#writingcommunity,",1
#google‚Ä¶,1
#grinddontstop,1
#slappernation,1
#lefty,1
#acarepealcase,1
#savetourismjobs,1
#metoo,1
#askgovmurphyrt,1
#okleg,1
#homework,1
#pay,1
#qanonjesus:,1
#hongkong,1
#bones,1
"#activeto,",1
#covidurban,1
"#francesperkins,",1
#photography,1
#peacealways,1
#transcendfear,1
#reopenamerica,1
#bced,1
https://t.co/3x3ogwv9‚Ä¶#,1
#education,1
#oregon.,1
#cd4!,1
#kag,1
#myheroacadamia,1
#bokunoheroacademia,1
#manga,1
#anime,1
#iloveyou3000,1
#selfquarantine,1
#‚Ä¶businesses,1
#paypig,1
#alabama,1
#the,1
we‚Ä¶#livingroomconversations,1
#hope,1
#possibility,1
#tattoo,1
#nude,1
#vk,1
#grindfacetv,1
#tooearlytoreopenrt,1
#california,1
#lajolla‚Ä¶,1
#16year‚Ä¶rt,1
#coronawarriors,1
#hydraulic,1
#chillingathome‚Ä¶,1
#politicsrt,1
https://t.co/ixtyrp9qb3#richmondbc,1
#mining,1
#mine,1
#loader,1
#copper,1
#europeanmentalhealthweek,1
#‚Ä¶linguists,1
#maddowrt,1
#enjoyillinois,1
#illinois,1
#mayday2020,1
#anxiety,1
#bullying,1
#romcom,1
#morningatntv,1
#bnhafanart,1
#entrepreneurship,1
times):#coronavirus:,1
#yqlrt,1
#abc,1
modern‚Ä¶#live:,1
#usa,1
#eua,1
#remdesivir,1
#factsheet,1
#klairegumbs,1
#nursinghomes?,1
wasn‚Ä¶#lie,1
#moronavirus,1
#covidiots,1
#entertainmentnews,1
"\"#missionimpossible\"",1
#iss,1
#adamdriverfollow,1
#referafriend,1
#snd2020,1
#covid19abrt,1
#givingtuesdaynow!,1
#wwg1wga‚Ä¶@burgessvillian,1
#purrs4peace,1
https://t.co/bovnntuej2#,1
war#,1
#bbq,1
#qanonremember,1
members#39;,1
#stayho‚Ä¶hi,1
#bandcamp,1
#altern‚Ä¶rt,1
#connectedtogether,1
#nursingcoronavirus:,1
#trumpisaloser,1
#psychopath,1
#na‚Ä¶another,1
#holiday,1
#andrewcuomo,1
#vaccine,1
#pfizerrt,1
#blueangels‚Ä¶rt,1
#judymikovits,1
#humanscum,1
#france,1
"in‚Ä¶#analyticship,",1
"#covidiot,",1
#jfk,1
showi‚Ä¶#askgovmurphy,1
#covid19ab,1
#abhealth,1
#abdocs4patientsrt,1
#riyaznaikoo_our_hero,1
#mermay,1
#octogether,1
#payers,1
#showbizatoz,1
#lockdownextension‚Ä¶,1
‚úäüèªüëá#springst,1
#proudmamart,1
ü¶†#d‚Ä¶rt,1
#herort,1
#democratsaredestroyingamericaif,1
#mysci,1
#atriumhealthproud,1
#‚Ä¶confused,1
#colombia,1
#ghana,1
#rukminiba‚Ä¶rt,1
#‚Ä¶and,1
#tuckerrt,1
#staysa‚Ä¶at,1
#hydroxychloroquine,1
"#therealheroesproject,",1
#covid19southafrica,1
#wearethe‚Ä¶llama,1
#starvation,1
#fauciliedpeoplediedrt,1
#leader,1
#india-is-te‚Ä¶,1
#renewmfs,1
#togetherathome,1
#popefrancis,1
https://t.co/tkgcvbi24z#ruthbaderginsburg,1
#lightitblue,1
http‚Ä¶#cloroxdon,1
!!!##!#,1
#thegreatestgeneration,1
#nyc,1
https://t.co/a1xn7zx68e#plandemic,1
#dudegottagort,1
#thala,1
#ajithkum‚Ä¶rt,1
#quarantine,1
#survivorrt,1
#nevis,1
#j‚Ä¶@1angford,1
#winitwednesday,1
#boyslockeroom,1
#liberty,1
#mi‚Ä¶rt,1
#ailment,1
#baffling,1
#children,1
#happybirthday,1
#cake,1
#birthdaycake,1
#happy,1
#anniversary‚Ä¶,1
#strength,1
#nursesweek2020‚Ä¶,1
#vaccines,1
#drugs,1
http‚Ä¶[#chart],1
#sanditon,1
#savesanditon,1
#freeshelleylutherrt,1
#wearamask,1
#covidiot,1
#youtube,1
#riaznaikoo_‚Ä¶rt,1
#Ïù¥Ï¢ÖÌòÑ,1
#c‚Ä¶#homecare,1
#nurse,1
#nursing‚Ä¶,1
https://t.co/kpoucnkwbe#remotejobs,1
#covid_19.,1
#syria,1
#hastingstribune,1
#dimitar,1
#berbatov,1
#ronaldort,1
#universalhealthcare,1
#crowdsharing,1
#forthefuture,1
https://t.co/gyipzhk0au#cyber,1
#suga),1
#ubi,1
"show‚Ä¶#aapiheritagemonth,",1
#47d11,1
#zencatpottery,1
#etsyseller,1
#co‚Ä¶@madatachii,1
#@fernandou552,1
#ruralschoolsrule,1
errand.#,1
#manufacturer,1
#dm2,1
#brunete,1
#latina,1
#patreon,1
#thankyounurseskia,1
#sydneycriminallawyers‚Ä¶,1
#insurancelaw,1
#realwork‚Ä¶rt,1
#therealheroesrt,1
#promostrongrt,1
#infections,1
#disease,1
#milkyyyyyy,1
#bigtits,1
#freethenipple,1
#handexpressingmilk,1
#breastmil‚Ä¶rt,1
#givingtuesdaynow,1
#cov‚Ä¶saudi,1
#researc‚Ä¶rt,1
hurts.#cod,1
#callofdutywarzone,1
#grandmakiller,1
#cuomo'you're,1
#newspicks,1
https://t.co/8lt0ssct8t#vote,1
#student,1
#bloodclots,1
#coronavirusclarifying,1
#59first,1
#covid19fccmn,1
#riverdale@imonlyaduck,1
"#nurses,",1
#foxnews,1
#foxnewsliedaspeopledied,1
#nepal,1
#earn‚Ä¶,1
#nursesofinstagram,1
#butseriouslystayathome,1
#looneytunescartoons,1
#bugsbunny,1
#spiritweek‚Ä¶,1
#uctsset,1
#setcare,1
#sibu,1
#jobs,1
#universalmasking,1
#scotus,1
#coronanavirus,1
#quote,1
-#coronavirus,1
#middleeast,1
#badassrt,1
#computer,1
‚ù§Ô∏èüçë#sellingcontent,1
#sellingpics,1
#sellingvids,1
#romania,1
#fearporn,1
supplie‚Ä¶#nowplaying,1
#tunein,1
#hot365radio,1
#southernsoul,1
#hiphop,1
#rnb,1
#rap,1
#vadjs,1
#atl,1
#plannedpare‚Ä¶i,1
#truth,1
#hongkongprotests,1
#btsv's,1
tenne‚Ä¶#videointerviews,1
#callforcode,1
#‚Ä¶jason,1
#highered.,1
#orlegpressreleases,1
#findvanessaguillen‚Ä¶ohio,1
#defend,1
